<?xml version="1.0"?>

<Problem name="UR3e_FIB_UPC">

	<Robot robot="robots/ur3_robotniq_A.urdf" scale="1.0">
		<Home TH="0.0" WZ="-1.0" WY="0.0" WX="0.0" Z="0.0" Y="0.0" X="0.0" />
		
                <ViewLink name="tool0"/>
	</Robot>

	<!-- <Obstacle obstacle="obstacles/fib_upc_lab/fiblab_desk.urdf" scale="1.0">
        <Home TH="0.0" WZ="0.0" WY="0.0" WX="0.0" Z="0.0" Y="-0.9" X="-0.8" />
		<KauthamName name="table" />
	</Obstacle> -->

	<!-- <Obstacle obstacle="obstacles/fib_upc_lab/wall.urdf" scale="1.0">
        <Home TH="1.5708" WZ="1.0" WY="0.0" WX="0.0" Z="1.0" Y="0.0" X="-0.5" />
		<KauthamName name="wall" />
	</Obstacle>-->

	<Obstacle obstacle="obstacles/fib_upc_lab/pieza_rojo.urdf" scale="1.0">
        <Home TH="1.57" WZ="0.0" WY="0.0" WX="0.0" Z="0.005" Y="0" X="-0.47" />
		<KauthamName name="X1" />
	</Obstacle>

	<Obstacle obstacle="obstacles/fib_upc_lab/pieza_verde.urdf" scale="1.0">
        <Home TH="2.7868" WZ="0.0" WY="0.0" WX="0.0" Z="0.005" Y="0" X="-0.354" />
		<KauthamName name="O1" />
	</Obstacle>

	<Obstacle obstacle="obstacles/fib_upc_lab/pieza_rojo.urdf" scale="1.0">
        <Home TH="2.7868" WZ="0.0" WY="0.0" WX="0.0" Z="0.005" Y="-0.058" X="-0.274" />
		<KauthamName name="X2" />
	</Obstacle>

	<Obstacle obstacle="obstacles/fib_upc_lab/pieza_rojo.urdf" scale="1.0">
        <Home TH="2.7868" WZ="0.0" WY="0.0" WX="0.0" Z="0.005" Y="-0.173" X="-0.274" />
		<KauthamName name="X3" />
	</Obstacle>

	<Obstacle obstacle="obstacles/fib_upc_lab/pieza_verde.urdf" scale="1.0">
        <Home TH="2.7868" WZ="0.0" WY="0.0" WX="0.0" Z="0.005" Y="-0.234" X="-0.33" />
		<KauthamName name="O2" />
	</Obstacle>

	<!-- <Obstacle obstacle="obstacles/fib_upc_lab/wood_piece.urdf" scale="1.0">
        <Home TH="2.7868" WZ="0.0" WY="0.0" WX="0.0" Z="0.005 " Y="-0.146" X="0.33" />
		<KauthamName name="C2" />
	</Obstacle>

	<Obstacle obstacle="obstacles/fib_upc_lab/wood_piece.urdf" scale="1.0">
        <Home TH="2.7868" WZ="0.0" WY="0.0" WX="0.0" Z="0.005 " Y="-0.06" X="0.33" />
		<KauthamName name="C3" />
	</Obstacle>

	<Obstacle obstacle="obstacles/fib_upc_lab/wood_piece.urdf" scale="1.0">
        <Home TH="2.7868" WZ="0.0" WY="0.0" WX="0.0" Z="0.005 " Y="-0.234" X="0.4" />
		<KauthamName name="C4" />
	</Obstacle>

	<Obstacle obstacle="obstacles/fib_upc_lab/wood_piece.urdf" scale="1.0">
        <Home TH="2.7868" WZ="0.0" WY="0.0" WX="0.0" Z="0.005 " Y="-0.146" X="0.4" />
		<KauthamName name="C5" />
	</Obstacle>

	<Obstacle obstacle="obstacles/fib_upc_lab/wood_piece.urdf" scale="1.0">
        <Home TH="2.7868" WZ="0.0" WY="0.0" WX="0.0" Z="0.005 " Y="-0.06" X="0.4" />
		<KauthamName name="C6" />
	</Obstacle>-->

	<Obstacle obstacle="obstacles/fib_upc_lab/pieza_verde.urdf" scale="1.0">
        <Home TH="2.7868" WZ="0.0" WY="0.0" WX="0.0" Z="0.005" Y="-0.234" X="-0.472" />
		<KauthamName name="O3" />
	</Obstacle>

	<!-- <Obstacle obstacle="obstacles/fib_upc_lab/wood_piece.urdf" scale="1.0">
        <Home TH="2.7868" WZ="0.0" WY="0.0" WX="0.0" Z="0.005 " Y="-0.146" X="0.472" />
		<KauthamName name="C8" />
	</Obstacle>

	<Obstacle obstacle="obstacles/fib_upc_lab/wood_piece.urdf" scale="1.0">
        <Home TH="2.7868" WZ="0.0" WY="0.0" WX="0.0" Z="0.005 " Y="-0.06" X="0.472" />
		<KauthamName name="C9" />
	</Obstacle>-->

	<!--<Obstacle obstacle="obstacles/fib_upc_lab/wood_piece.urdf" scale="1.0">
        <Home TH="2.7868" WZ="0.0" WY="0.0" WX="0.0" Z="0.15 " Y="-0.146" X="0.4" />
		<KauthamName name="default_pos" />
	</Obstacle>-->

	<Controls robot="controls/ur3_robotniq_1.cntr"/>

	<Planner>
		<Parameters>
			<Name>omplRRTConnect</Name>
			<Parameter name="_Cspace Drawn">0</Parameter>
			<Parameter name="_Incremental (0/1)">0</Parameter>
			<Parameter name="_Max Planning Time">10</Parameter>
			<Parameter name="_Path Drawn (0/1)">1</Parameter>
			<Parameter name="_Simplify Solution">2</Parameter>
			<Parameter name="_Speed Factor">10</Parameter>
			<Parameter name="Range">1.1</Parameter>
		</Parameters>
		<Queries>
			<Query>
				<Init>0.5 0.5 0.5 0.5 0.5 0.5 0.5</Init>
				<Goal>0.662338 0.271613 0.760218 0.722817 0.738732 0.659155 0.676090</Goal>
			</Query>
		</Queries>
	</Planner>

</Problem>
